{
  "drive": {
    "p": 0.00057373,
    "i": 0,
    "d": 0,
    "f": 0,
    "iz": 0
  },
  "angle": {
    "p": 0.01125,
    "i": 0.000002,
    "d": 0,
    "f": 0,
    "iz": 5
  }
}